Season,Episode,Episode ID,Episode URL,Cast Info Text,Actors,Characters
1,1,tt31321401,https://www.imdb.com/title/tt31321401/?ref_=ttep_ep,,", Mark Addy, , Alfie Allen, , Sean Bean, , Esmé Bianco, , Jamie Campbell Bower, , Nikolaj Coster-Waldau, , Peter Dinklage, , Jennifer Ehle, , Jack Gleeson, , Iain Glen, , Kit Harington, , Lena Headey, , Isaac Hempstead Wright, , Harry Lloyd, , Richard Madden, , George R.R. Martin, , Rory McCann, , Ian McNeice","Robert Baratheon (), Theon Greyjoy (Mark Addy), Ned Stark (), Roz (Alfie Allen), Waymar Royce (), Jaime Lannister (Sean Bean), Tyrion Lannister (), Catelyn Stark (Esmé Bianco), Joffrey Baratheon (), Jorah Mormont (Jamie Campbell Bower), Jon Snow (), Cersei Lannister (Nikolaj Coster-Waldau), Bran Stark (), Viserys Targaryen (Peter Dinklage), Robb Stark (), Pentoshi Nobleman (Jennifer Ehle), Sandor Clegane (), Illyrio Mopatis (Jack Gleeson)"
1,2,tt1480055,https://www.imdb.com/title/tt1480055/?ref_=ttep_ep_1,,", Sean Bean, , Mark Addy, , Nikolaj Coster-Waldau, , Michelle Fairley, , Lena Headey, , Emilia Clarke, , Iain Glen, , Harry Lloyd, , Kit Harington, , Sophie Turner, , Maisie Williams, , Richard Madden, , Alfie Allen, , Isaac Hempstead Wright, , Jack Gleeson, , Rory McCann, , Peter Dinklage, , Donald Sumpter","Eddard 'Ned' Stark (), Robert Baratheon (Sean Bean), Jaime Lannister (), Catelyn Stark (Mark Addy), Cersei Lannister (), Daenerys Targaryen (Nikolaj Coster-Waldau), Jorah Mormont (), Viserys Targaryen (Michelle Fairley), Jon Snow (), Sansa Stark (Lena Headey), Arya Stark (), Robb Stark (Emilia Clarke), Theon Greyjoy (), Bran Stark (Iain Glen), Joffrey Baratheon (), Sandor 'The Hound' Clegane (Harry Lloyd), Tyrion Lannister (), Maester Luwin (Kit Harington)"
1,3,tt1668746,https://www.imdb.com/title/tt1668746/?ref_=ttep_ep_2,,", Sean Bean, , Mark Addy, , Nikolaj Coster-Waldau, , Michelle Fairley, , Lena Headey, , Emilia Clarke, , Iain Glen, , Harry Lloyd, , Kit Harington, , Sophie Turner, , Maisie Williams, , Richard Madden, , Alfie Allen, , Isaac Hempstead Wright, , Jack Gleeson, , Rory McCann, , Peter Dinklage, , Donald Sumpter","Eddard 'Ned' Stark (), Robert Baratheon (Sean Bean), Jaime Lannister (), Catelyn Stark (Mark Addy), Cersei Lannister (), Daenerys Targaryen (Nikolaj Coster-Waldau), Jorah Mormont (), Viserys Targaryen (Michelle Fairley), Jon Snow (), Sansa Stark (Lena Headey), Arya Stark (), Robb Stark (Emilia Clarke), Theon Greyjoy (), Bran Stark (Iain Glen), Joffrey Baratheon (), Sandor 'The Hound' Clegane (Harry Lloyd), Tyrion Lannister (), Maester Luwin (Kit Harington)"
1,4,tt1829962,https://www.imdb.com/title/tt1829962/?ref_=ttep_ep_3,,", Sean Bean, , Mark Addy, , Nikolaj Coster-Waldau, , Michelle Fairley, , Lena Headey, , Emilia Clarke, , Iain Glen, , Aidan Gillen, , Harry Lloyd, , Kit Harington, , Sophie Turner, , Maisie Williams, , Isaac Hempstead Wright, , Richard Madden, , Jack Gleeson, , Peter Dinklage, , Conleth Hill, , James Cosmo","Eddard 'Ned' Stark (), Robert Baratheon (Sean Bean), Jaime Lannister (), Catelyn Stark (Mark Addy), Cersei Lannister (), Daenerys Targaryen (Nikolaj Coster-Waldau), Jorah Mormont (), Petyr 'Littlefinger' Baelish (Michelle Fairley), Viserys Targaryen (), Jon Snow (Lena Headey), Sansa Stark (), Arya Stark (Emilia Clarke), Bran Stark (), Robb Stark (Iain Glen), Joffrey Baratheon (), Tyrion Lannister (Aidan Gillen), Lord Varys (), Jeor Mormont (Harry Lloyd)"
1,5,tt1829963,https://www.imdb.com/title/tt1829963/?ref_=ttep_ep_4,,", Sean Bean, , Mark Addy, , Nikolaj Coster-Waldau, , Michelle Fairley, , Lena Headey, , Emilia Clarke, , Iain Glen, , Aidan Gillen, , Harry Lloyd, , Kit Harington, , Sophie Turner, , Maisie Williams, , Richard Madden, , Alfie Allen, , Isaac Hempstead Wright, , Jack Gleeson, , Rory McCann, , Peter Dinklage","Eddard 'Ned' Stark (), Robert Baratheon (Sean Bean), Jaime Lannister (), Catelyn Stark (Mark Addy), Cersei Lannister (), Daenerys Targaryen (Nikolaj Coster-Waldau), Jorah Mormont (), Petyr 'Littlefinger' Baelish (Michelle Fairley), Viserys Targaryen (), Jon Snow (Lena Headey), Sansa Stark (), Arya Stark (Emilia Clarke), Robb Stark (), Theon Greyjoy (Iain Glen), Bran Stark (), Joffrey Baratheon (Aidan Gillen), Sandor 'The Hound' Clegane (), Tyrion Lannister (Harry Lloyd)"
1,6,tt1829964,https://www.imdb.com/title/tt1829964/?ref_=ttep_ep_5,,", Sean Bean, , Mark Addy, , Nikolaj Coster-Waldau, , Michelle Fairley, , Lena Headey, , Aidan Gillen, , Sophie Turner, , Maisie Williams, , Alfie Allen, , Isaac Hempstead Wright, , Jack Gleeson, , Rory McCann, , Peter Dinklage, , Donald Sumpter, , Conleth Hill, , Jamie Sives, , Ron Donachie, , Jerome Flynn","Eddard 'Ned' Stark (), Robert Baratheon (Sean Bean), Jaime Lannister (), Catelyn Stark (Mark Addy), Cersei Lannister (), Petyr 'Littlefinger' Baelish (Nikolaj Coster-Waldau), Sansa Stark (), Arya Stark (Michelle Fairley), Theon Greyjoy (), Bran Stark (Lena Headey), Joffrey Baratheon (), Sandor 'The Hound' Clegane (Aidan Gillen), Tyrion Lannister (), Maester Luwin (Sophie Turner), Lord Varys (), Jory Cassel (Maisie Williams), Rodrik Cassel (), Bronn (Alfie Allen)"
1,7,tt1837862,https://www.imdb.com/title/tt1837862/?ref_=ttep_ep_6,,", Sean Bean, , Mark Addy, , Michelle Fairley, , Lena Headey, , Emilia Clarke, , Iain Glen, , Aidan Gillen, , Harry Lloyd, , Richard Madden, , Sophie Turner, , Maisie Williams, , Alfie Allen, , Isaac Hempstead Wright, , Jack Gleeson, , Peter Dinklage, , Jerome Flynn, , Ron Donachie, , Ian McElhinney","Eddard 'Ned' Stark (), Robert Baratheon (Sean Bean), Catelyn Stark (), Cersei Lannister (Mark Addy), Daenerys Targaryen (), Jorah Mormont (Michelle Fairley), Petyr 'Littlefinger' Baelish (), Viserys Targaryen (Lena Headey), Robb Stark (), Sansa Stark (Emilia Clarke), Arya Stark (), Theon Greyjoy (Iain Glen), Bran Stark (), Joffrey Baratheon (Aidan Gillen), Tyrion Lannister (), Bronn (Harry Lloyd), Rodrik Cassel (), Barristan Selmy (Richard Madden)"
1,8,tt1837863,https://www.imdb.com/title/tt1837863/?ref_=ttep_ep_7,,", Sean Bean, , Mark Addy, , Nikolaj Coster-Waldau, , Lena Headey, , Emilia Clarke, , Iain Glen, , Aidan Gillen, , Kit Harington, , Alfie Allen, , Jack Gleeson, , Rory McCann, , Donald Sumpter, , Conleth Hill, , James Cosmo, , Owen Teale, , Charles Dance, , Ian McElhinney, , John Bradley","Eddard 'Ned' Stark (), Robert Baratheon (Sean Bean), Jaime Lannister (), Cersei Lannister (Mark Addy), Daenerys Targaryen (), Jorah Mormont (Nikolaj Coster-Waldau), Petyr 'Littlefinger' Baelish (), Jon Snow (Lena Headey), Theon Greyjoy (), Joffrey Baratheon (Emilia Clarke), Sandor 'The Hound' Clegane (), Maester Luwin (Iain Glen), Lord Varys (), Jeor Mormont (Aidan Gillen), Alliser Thorne (), Tywin Lannister (Kit Harington), Barristan Selmy (), Samwell Tarly (Alfie Allen)"
1,9,tt1837864,https://www.imdb.com/title/tt1837864/?ref_=ttep_ep_8,,", Sean Bean, , Michelle Fairley, , Lena Headey, , Emilia Clarke, , Iain Glen, , Aidan Gillen, , Kit Harington, , Richard Madden, , Sophie Turner, , Maisie Williams, , Alfie Allen, , Isaac Hempstead Wright, , Jack Gleeson, , Rory McCann, , Peter Dinklage, , Donald Sumpter, , Conleth Hill, , Jerome Flynn","Eddard 'Ned' Stark (), Catelyn Stark (Sean Bean), Cersei Lannister (), Daenerys Targaryen (Michelle Fairley), Jorah Mormont (), Petyr 'Littlefinger' Baelish (Lena Headey), Jon Snow (), Robb Stark (Emilia Clarke), Sansa Stark (), Arya Stark (Iain Glen), Theon Greyjoy (), Bran Stark (Aidan Gillen), Joffrey Baratheon (), Sandor 'The Hound' Clegane (Kit Harington), Tyrion Lannister (), Maester Luwin (Richard Madden), Lord Varys (), Bronn (Sophie Turner)"
1,10,tt1851398,https://www.imdb.com/title/tt1851398/?ref_=ttep_ep_9,,", Sean Bean, , Michelle Fairley, , Nikolaj Coster-Waldau, , Lena Headey, , Emilia Clarke, , Iain Glen, , Aidan Gillen, , Kit Harington, , Richard Madden, , Sophie Turner, , Maisie Williams, , Alfie Allen, , Jack Gleeson, , Rory McCann, , Peter Dinklage, , Conleth Hill, , Jerome Flynn, , James Cosmo","Eddard 'Ned' Stark (), Catelyn Stark (Sean Bean), Jaime Lannister (), Cersei Lannister (Michelle Fairley), Daenerys Targaryen (), Jorah Mormont (Nikolaj Coster-Waldau), Petyr 'Littlefinger' Baelish (), Jon Snow (Lena Headey), Robb Stark (), Sansa Stark (Emilia Clarke), Arya Stark (), Theon Greyjoy (Iain Glen), Joffrey Baratheon (), Sandor 'The Hound' Clegane (Aidan Gillen), Tyrion Lannister (), Lord Varys (Kit Harington), Bronn (), Jeor Mormont (Richard Madden)"
1,11,tt1851397,https://www.imdb.com/title/tt1851397/?ref_=ttep_ep_10,,", Sean Bean, , Michelle Fairley, , Nikolaj Coster-Waldau, , Lena Headey, , Emilia Clarke, , Iain Glen, , Aidan Gillen, , Kit Harington, , Richard Madden, , Sophie Turner, , Maisie Williams, , Alfie Allen, , Isaac Hempstead Wright, , Jack Gleeson, , Rory McCann, , Peter Dinklage, , Donald Sumpter, , Conleth Hill","Eddard 'Ned' Stark (), (credit only) (Sean Bean), Catelyn Stark (), Jaime Lannister (Michelle Fairley), Cersei Lannister (), Daenerys Targaryen (Nikolaj Coster-Waldau), Jorah Mormont (), Petyr 'Littlefinger' Baelish (Lena Headey), Jon Snow (), Robb Stark (Emilia Clarke), Sansa Stark (), Arya Stark (Iain Glen), Theon Greyjoy (), Bran Stark (Aidan Gillen), Joffrey Baratheon (), Sandor 'The Hound' Clegane (Kit Harington), Tyrion Lannister (), Maester Luwin (Richard Madden), Lord Varys ()"
2,1,tt1971833,https://www.imdb.com/title/tt1971833/?ref_=ttep_ep_1,,", Peter Dinklage, , Lena Headey, , Nikolaj Coster-Waldau, , Michelle Fairley, , Emilia Clarke, , Aidan Gillen, , Iain Glen, , Kit Harington, , Liam Cunningham, , Isaac Hempstead Wright, , Richard Madden, , Sophie Turner, , Maisie Williams, , Alfie Allen, , John Bradley, , Jack Gleeson, , Rory McCann, , Stephen Dillane","Tyrion Lannister (), Cersei Lannister (Peter Dinklage), Jaime Lannister (), Catelyn Stark (Lena Headey), Daenerys Targaryen (), Petyr 'Littlefinger' Baelish (Nikolaj Coster-Waldau), Jorah Mormont (), Jon Snow (Michelle Fairley), Davos Seaworth (), Bran Stark (Emilia Clarke), Robb Stark (), Sansa Stark (Aidan Gillen), Arya Stark (), Theon Greyjoy (Iain Glen), Samwell Tarly (), Joffrey Baratheon (Kit Harington), Sandor 'The Hound' Clegane (), Stannis Baratheon (Liam Cunningham)"
2,2,tt2069318,https://www.imdb.com/title/tt2069318/?ref_=ttep_ep_2,,", Peter Dinklage, , Lena Headey, , Emilia Clarke, , Aidan Gillen, , Iain Glen, , Kit Harington, , Liam Cunningham, , Alfie Allen, , Maisie Williams, , Stephen Dillane, , Carice van Houten, , Jerome Flynn, , Conleth Hill, , John Bradley, , Sibel Kekilli, , Julian Glover, , Robert Pugh, , Patrick Malahide","Tyrion Lannister (), Cersei Lannister (Peter Dinklage), Daenerys Targaryen (), Petyr 'Littlefinger' Baelish (Lena Headey), Jorah Mormont (), Jon Snow (Emilia Clarke), Davos Seaworth (), Theon Greyjoy (Aidan Gillen), Arya Stark (), Stannis Baratheon (Iain Glen), Melisandre (), (as Carice Van Houten) (Kit Harington), Bronn (), Lord Varys (Liam Cunningham), Samwell Tarly (), Shae (Alfie Allen), Grand Maester Pycelle (), Craster (Maisie Williams), Balon Greyjoy ()"
2,3,tt2070135,https://www.imdb.com/title/tt2070135/?ref_=ttep_ep_3,,", Peter Dinklage, , Lena Headey, , Michelle Fairley, , Aidan Gillen, , Kit Harington, , Alfie Allen, , Isaac Hempstead Wright, , Sophie Turner, , Maisie Williams, , John Bradley, , Natalie Dormer, , James Cosmo, , Jerome Flynn, , Conleth Hill, , Sibel Kekilli, , Donald Sumpter, , Ron Donachie, , Julian Glover","Tyrion Lannister (), Cersei Lannister (Peter Dinklage), Catelyn Stark (), Petyr 'Littlefinger' Baelish (Lena Headey), Jon Snow (), Theon Greyjoy (Michelle Fairley), Bran Stark (), Sansa Stark (Aidan Gillen), Arya Stark (), Samwell Tarly (Kit Harington), Margaery Tyrell (), Jeor Mormont (Alfie Allen), Bronn (), Lord Varys (Isaac Hempstead Wright), Shae (), Maester Luwin (Sophie Turner), Rodrik Cassel (), (credit only) (Maisie Williams), Grand Maester Pycelle ()"
2,4,tt2069319,https://www.imdb.com/title/tt2069319/?ref_=ttep_ep_4,,", Peter Dinklage, , Michelle Fairley, , Emilia Clarke, , Aidan Gillen, , Iain Glen, , Charles Dance, , Liam Cunningham, , Jack Gleeson, , Richard Madden, , Sophie Turner, , Maisie Williams, , Stephen Dillane, , Carice van Houten, , Natalie Dormer, , Jerome Flynn, , Rory McCann, , Gethin Anthony, , Nicholas Blane","Tyrion Lannister (), Catelyn Stark (Peter Dinklage), Daenerys Targaryen (), Petyr 'Littlefinger' Baelish (Michelle Fairley), Jorah Mormont (), Tywin Lannister (Emilia Clarke), Davos Seaworth (), Joffrey Baratheon (Aidan Gillen), Robb Stark (), Sansa Stark (Iain Glen), Arya Stark (), Stannis Baratheon (Charles Dance), Melisandre (), (as Carice Van Houten) (Liam Cunningham), Margaery Tyrell (), Bronn (Jack Gleeson), Sandor 'The Hound' Clegane (), Renly Baratheon (Richard Madden), Spice King ()"
2,5,tt2074658,https://www.imdb.com/title/tt2074658/?ref_=ttep_ep_5,,", Peter Dinklage, , Lena Headey, , Michelle Fairley, , Emilia Clarke, , Aidan Gillen, , Iain Glen, , Kit Harington, , Charles Dance, , Liam Cunningham, , Alfie Allen, , John Bradley, , Isaac Hempstead Wright, , Maisie Williams, , Stephen Dillane, , Natalie Dormer, , James Cosmo, , Jerome Flynn, , Donald Sumpter","Tyrion Lannister (), Cersei Lannister (Peter Dinklage), Catelyn Stark (), Daenerys Targaryen (Lena Headey), Petyr 'Littlefinger' Baelish (), Jorah Mormont (Michelle Fairley), Jon Snow (), Tywin Lannister (Emilia Clarke), Davos Seaworth (), Theon Greyjoy (Aidan Gillen), Samwell Tarly (), Bran Stark (Iain Glen), Arya Stark (), Stannis Baratheon (Kit Harington), Margaery Tyrell (), Jeor Mormont (Charles Dance), Bronn (), Maester Luwin (Liam Cunningham)"
2,6,tt2085238,https://www.imdb.com/title/tt2085238/?ref_=ttep_ep_6,,", Peter Dinklage, , Lena Headey, , Michelle Fairley, , Emilia Clarke, , Aidan Gillen, , Kit Harington, , Charles Dance, , Isaac Hempstead Wright, , Richard Madden, , Sophie Turner, , Maisie Williams, , Alfie Allen, , Jack Gleeson, , Sibel Kekilli, , Rory McCann, , Donald Sumpter, , Ron Donachie, , Natalia Tena","Tyrion Lannister (), Cersei Lannister (Peter Dinklage), Catelyn Stark (), Daenerys Targaryen (Lena Headey), Petyr 'Littlefinger' Baelish (), Jon Snow (Michelle Fairley), Tywin Lannister (), Bran Stark (Emilia Clarke), Robb Stark (), Sansa Stark (Aidan Gillen), Arya Stark (), Theon Greyjoy (Kit Harington), Joffrey Baratheon (), Shae (Charles Dance), Sandor 'The Hound' Clegane (), Maester Luwin (Isaac Hempstead Wright), Rodrik Cassel (), Osha (Richard Madden)"
2,7,tt2085239,https://www.imdb.com/title/tt2085239/?ref_=ttep_ep_7,,", Peter Dinklage, , Lena Headey, , Nikolaj Coster-Waldau, , Michelle Fairley, , Emilia Clarke, , Iain Glen, , Kit Harington, , Charles Dance, , Isaac Hempstead Wright, , Richard Madden, , Sophie Turner, , Maisie Williams, , Alfie Allen, , Sibel Kekilli, , Rory McCann, , Donald Sumpter, , Ian Hanmore, , Nicholas Blane","Tyrion Lannister (), Cersei Lannister (Peter Dinklage), Jaime Lannister (), Catelyn Stark (Lena Headey), Daenerys Targaryen (), Jorah Mormont (Nikolaj Coster-Waldau), Jon Snow (), Tywin Lannister (Michelle Fairley), Bran Stark (), Robb Stark (Emilia Clarke), Sansa Stark (), Arya Stark (Iain Glen), Theon Greyjoy (), Shae (Kit Harington), Sandor 'The Hound' Clegane (), Maester Luwin (Charles Dance), Pyat Pree (), Spice King (Isaac Hempstead Wright)"
2,8,tt2085240,https://www.imdb.com/title/tt2085240/?ref_=ttep_ep_8,,", Peter Dinklage, , Lena Headey, , Nikolaj Coster-Waldau, , Michelle Fairley, , Emilia Clarke, , Iain Glen, , Kit Harington, , Charles Dance, , Liam Cunningham, , Jack Gleeson, , Isaac Hempstead Wright, , Richard Madden, , Maisie Williams, , Alfie Allen, , John Bradley, , Stephen Dillane, , Sibel Kekilli, , Jerome Flynn","Tyrion Lannister (), Cersei Lannister (Peter Dinklage), Jaime Lannister (), Catelyn Stark (Lena Headey), Daenerys Targaryen (), Jorah Mormont (Nikolaj Coster-Waldau), Jon Snow (), Tywin Lannister (Michelle Fairley), Davos Seaworth (), Joffrey Baratheon (Emilia Clarke), Bran Stark (), Robb Stark (Iain Glen), Arya Stark (), Theon Greyjoy (Kit Harington), Samwell Tarly (), Stannis Baratheon (Charles Dance), Shae (), Bronn (Liam Cunningham)"
2,9,tt2084342,https://www.imdb.com/title/tt2084342/?ref_=ttep_ep_9,,", Peter Dinklage, , Lena Headey, , Charles Dance, , Liam Cunningham, , Jack Gleeson, , Sophie Turner, , Rory McCann, , Stephen Dillane, , Jerome Flynn, , Conleth Hill, , Sibel Kekilli, , Roy Dotrice, , Julian Glover, , Eugene Simon, , Kerr Logan, , Finn Jones, , Sahara Knite, , Tony Way","Tyrion Lannister (), Cersei Lannister (Peter Dinklage), Tywin Lannister (), Davos Seaworth (Lena Headey), Joffrey Baratheon (), Sansa Stark (Charles Dance), Sandor 'The Hound' Clegane (), Stannis Baratheon (Liam Cunningham), Bronn (), Lord Varys (Jack Gleeson), Shae (), Hallyne (Sophie Turner), Grand Maester Pycelle (), Lancel Lannister (Rory McCann), Matthos Seaworth (), Loras Tyrell (Stephen Dillane), Armeca (), Dontos Hollard (Jerome Flynn)"
2,10,tt2112510,https://www.imdb.com/title/tt2112510/?ref_=ttep_ep_10,,", Peter Dinklage, , Lena Headey, , Nikolaj Coster-Waldau, , Michelle Fairley, , Emilia Clarke, , Aidan Gillen, , Iain Glen, , Kit Harington, , Charles Dance, , Isaac Hempstead Wright, , Richard Madden, , Sophie Turner, , Maisie Williams, , Alfie Allen, , John Bradley, , Jack Gleeson, , Natalie Dormer, , Stephen Dillane","Tyrion Lannister (), Cersei Lannister (Peter Dinklage), Jaime Lannister (), Catelyn Stark (Lena Headey), Daenerys Targaryen (), Petyr 'Littlefinger' Baelish (Nikolaj Coster-Waldau), Jorah Mormont (), Jon Snow (Michelle Fairley), Tywin Lannister (), Bran Stark (Emilia Clarke), Robb Stark (), Sansa Stark (Aidan Gillen), Arya Stark (), Theon Greyjoy (Iain Glen), Samwell Tarly (), Joffrey Baratheon (Kit Harington), Margaery Tyrell (), Stannis Baratheon (Charles Dance)"
3,1,tt2178782,https://www.imdb.com/title/tt2178782/?ref_=ttep_ep_1,,", Peter Dinklage, , Lena Headey, , Emilia Clarke, , Kit Harington, , Richard Madden, , Iain Glen, , Michelle Fairley, , Aidan Gillen, , Charles Dance, , Liam Cunningham, , Stephen Dillane, , Carice van Houten, , Natalie Dormer, , John Bradley, , Jack Gleeson, , Sophie Turner, , Oona Chaplin, , Sibel Kekilli","Tyrion Lannister (), Cersei Lannister (Peter Dinklage), Daenerys Targaryen (), Jon Snow (Lena Headey), Robb Stark (), Jorah Mormont (Emilia Clarke), Catelyn Stark (), Petyr 'Littlefinger' Baelish (Kit Harington), Tywin Lannister (), Davos Seaworth (Richard Madden), Stannis Baratheon (), Melisandre (Iain Glen), (as Carice Van Houten) (), Margaery Tyrell (Michelle Fairley), Samwell Tarly (), Joffrey Baratheon (Aidan Gillen), Sansa Stark (), Talisa Stark (Charles Dance), Shae ()"
3,2,tt2178772,https://www.imdb.com/title/tt2178772/?ref_=ttep_ep_2,,", Peter Dinklage, , Nikolaj Coster-Waldau, , Lena Headey, , Kit Harington, , Richard Madden, , Michelle Fairley, , Natalie Dormer, , Isaac Hempstead Wright, , Jack Gleeson, , Sophie Turner, , Maisie Williams, , Alfie Allen, , Oona Chaplin, , Joe Dempsie, , Rose Leslie, , John Bradley, , James Cosmo, , Sibel Kekilli","Tyrion Lannister (), Jaime Lannister (Peter Dinklage), Cersei Lannister (), Jon Snow (Nikolaj Coster-Waldau), Robb Stark (), Catelyn Stark (Lena Headey), Margaery Tyrell (), Bran Stark (Kit Harington), Joffrey Baratheon (), Sansa Stark (Richard Madden), Arya Stark (), Theon Greyjoy (Michelle Fairley), Talisa Stark (), Gendry (Natalie Dormer), Ygritte (), Samwell Tarly (Isaac Hempstead Wright), Jeor Mormont (), Shae (Jack Gleeson)"
3,3,tt2178802,https://www.imdb.com/title/tt2178802/?ref_=ttep_ep_3,,", Peter Dinklage, , Nikolaj Coster-Waldau, , Lena Headey, , Emilia Clarke, , Kit Harington, , Richard Madden, , Iain Glen, , Michelle Fairley, , Aidan Gillen, , Charles Dance, , Stephen Dillane, , Carice van Houten, , Alfie Allen, , John Bradley, , Maisie Williams, , Oona Chaplin, , Joe Dempsie, , Rose Leslie","Tyrion Lannister (), Jaime Lannister (Peter Dinklage), Cersei Lannister (), Daenerys Targaryen (Nikolaj Coster-Waldau), Jon Snow (), Robb Stark (Lena Headey), Jorah Mormont (), Catelyn Stark (Emilia Clarke), Petyr 'Littlefinger' Baelish (), Tywin Lannister (Kit Harington), Stannis Baratheon (), Melisandre (Richard Madden), (as Carice Van Houten) (), Theon Greyjoy (Iain Glen), Samwell Tarly (), Arya Stark (Michelle Fairley), Talisa Stark (), Gendry (Aidan Gillen), Ygritte ()"
3,4,tt2178798,https://www.imdb.com/title/tt2178798/?ref_=ttep_ep_4,,", Peter Dinklage, , Nikolaj Coster-Waldau, , Lena Headey, , Emilia Clarke, , Iain Glen, , Michelle Fairley, , Charles Dance, , Natalie Dormer, , Alfie Allen, , Isaac Hempstead Wright, , Sophie Turner, , Maisie Williams, , John Bradley, , Joe Dempsie, , Jack Gleeson, , Rory McCann, , Conleth Hill, , James Cosmo","Tyrion Lannister (), Jaime Lannister (Peter Dinklage), Cersei Lannister (), Daenerys Targaryen (Nikolaj Coster-Waldau), Jorah Mormont (), Catelyn Stark (Lena Headey), Tywin Lannister (), Margaery Tyrell (Emilia Clarke), Theon Greyjoy (), Bran Stark (Iain Glen), Sansa Stark (), Arya Stark (Michelle Fairley), Samwell Tarly (), Gendry (Charles Dance), Joffrey Baratheon (), Sandor 'The Hound' Clegane (Natalie Dormer), Lord Varys (), Jeor Mormont (Alfie Allen)"
3,5,tt2178788,https://www.imdb.com/title/tt2178788/?ref_=ttep_ep_5,,", Peter Dinklage, , Nikolaj Coster-Waldau, , Lena Headey, , Emilia Clarke, , Kit Harington, , Richard Madden, , Iain Glen, , Michelle Fairley, , Aidan Gillen, , Charles Dance, , Liam Cunningham, , Stephen Dillane, , Natalie Dormer, , Oona Chaplin, , Sophie Turner, , Maisie Williams, , Joe Dempsie, , Rose Leslie","Tyrion Lannister (), Jaime Lannister (Peter Dinklage), Cersei Lannister (), Daenerys Targaryen (Nikolaj Coster-Waldau), Jon Snow (), Robb Stark (Lena Headey), Jorah Mormont (), Catelyn Stark (Emilia Clarke), Petyr 'Littlefinger' Baelish (), Tywin Lannister (Kit Harington), Davos Seaworth (), Stannis Baratheon (Richard Madden), Margaery Tyrell (), Talisa Stark (Iain Glen), Sansa Stark (), Arya Stark (Michelle Fairley), Gendry (), Ygritte (Aidan Gillen)"
3,6,tt2178812,https://www.imdb.com/title/tt2178812/?ref_=ttep_ep_6,,", Peter Dinklage, , Nikolaj Coster-Waldau, , Lena Headey, , Kit Harington, , Richard Madden, , Michelle Fairley, , Aidan Gillen, , Charles Dance, , Carice van Houten, , Alfie Allen, , Isaac Hempstead Wright, , Sophie Turner, , Maisie Williams, , John Bradley, , Joe Dempsie, , Jack Gleeson, , Rose Leslie, , Conleth Hill","Tyrion Lannister (), Jaime Lannister (Peter Dinklage), Cersei Lannister (), Jon Snow (Nikolaj Coster-Waldau), Robb Stark (), Catelyn Stark (Lena Headey), Petyr 'Littlefinger' Baelish (), Tywin Lannister (Kit Harington), Melisandre (), (as Carice Van Houten) (Richard Madden), Theon Greyjoy (), Bran Stark (Michelle Fairley), Sansa Stark (), Arya Stark (Aidan Gillen), Samwell Tarly (), Gendry (Charles Dance), Joffrey Baratheon (), Ygritte (Carice van Houten), Lord Varys ()"
3,7,tt2178814,https://www.imdb.com/title/tt2178814/?ref_=ttep_ep_7,,", Peter Dinklage, , Nikolaj Coster-Waldau, , Emilia Clarke, , Kit Harington, , Richard Madden, , Iain Glen, , Michelle Fairley, , Charles Dance, , Natalie Dormer, , Carice van Houten, , Isaac Hempstead Wright, , Sophie Turner, , Maisie Williams, , Alfie Allen, , Oona Chaplin, , Jack Gleeson, , Joe Dempsie, , Sibel Kekilli","Tyrion Lannister (), Jaime Lannister (Peter Dinklage), Daenerys Targaryen (), Jon Snow (Nikolaj Coster-Waldau), Robb Stark (), Jorah Mormont (Emilia Clarke), Catelyn Stark (), Tywin Lannister (Kit Harington), Margaery Tyrell (), Melisandre (Richard Madden), (as Carice Van Houten) (), Bran Stark (Iain Glen), Sansa Stark (), Arya Stark (Michelle Fairley), Theon Greyjoy (), Talisa Stark (Charles Dance), Joffrey Baratheon (), Gendry (Natalie Dormer), Shae ()"
3,8,tt2178806,https://www.imdb.com/title/tt2178806/?ref_=ttep_ep_8,,", Peter Dinklage, , Lena Headey, , Emilia Clarke, , Iain Glen, , Charles Dance, , Liam Cunningham, , Stephen Dillane, , Carice van Houten, , Natalie Dormer, , Jack Gleeson, , Sophie Turner, , Maisie Williams, , John Bradley, , Joe Dempsie, , Sibel Kekilli, , Rory McCann, , Conleth Hill, , Jerome Flynn","Tyrion Lannister (), Cersei Lannister (Peter Dinklage), Daenerys Targaryen (), Jorah Mormont (Lena Headey), Tywin Lannister (), Davos Seaworth (Emilia Clarke), Stannis Baratheon (), Melisandre (Iain Glen), (as Carice Van Houten) (), Margaery Tyrell (Charles Dance), Joffrey Baratheon (), Sansa Stark (Liam Cunningham), Arya Stark (), Samwell Tarly (Stephen Dillane), Gendry (), Shae (Carice van Houten), Sandor 'The Hound' Clegane (), Lord Varys (Natalie Dormer), Bronn ()"
3,9,tt2178784,https://www.imdb.com/title/tt2178784/?ref_=ttep_ep_9,,", Emilia Clarke, , Kit Harington, , Richard Madden, , Iain Glen, , Michelle Fairley, , John Bradley, , Isaac Hempstead Wright, , Maisie Williams, , Oona Chaplin, , Rose Leslie, , Rory McCann, , David Bradley, , Mackenzie Crook, , Michael McElhatton, , Ian McElhinney, , Clive Russell, , Tobias Menzies, , Kristofer Hivju","Daenerys Targaryen (), Jon Snow (Emilia Clarke), Robb Stark (), Jorah Mormont (Kit Harington), Catelyn Stark (), Samwell Tarly (Richard Madden), Bran Stark (), Arya Stark (Iain Glen), Talisa Stark (), Ygritte (Michelle Fairley), Sandor 'The Hound' Clegane (), Walder Frey (John Bradley), Orell (), Roose Bolton (Isaac Hempstead Wright), Barristan Selmy (), Brynden 'Blackfish' Tully (Maisie Williams), Edmure Tully (), Tormund Giantsbane (Oona Chaplin)"
3,10,tt2178796,https://www.imdb.com/title/tt2178796/?ref_=ttep_ep_10,,", Peter Dinklage, , Nikolaj Coster-Waldau, , Lena Headey, , Emilia Clarke, , Kit Harington, , Iain Glen, , Charles Dance, , Liam Cunningham, , Stephen Dillane, , Carice van Houten, , Isaac Hempstead Wright, , Sophie Turner, , Maisie Williams, , Alfie Allen, , Jack Gleeson, , Rose Leslie, , John Bradley, , Joe Dempsie","Tyrion Lannister (), Jaime Lannister (Peter Dinklage), Cersei Lannister (), Daenerys Targaryen (Nikolaj Coster-Waldau), Jon Snow (), Jorah Mormont (Lena Headey), Tywin Lannister (), Davos Seaworth (Emilia Clarke), Stannis Baratheon (), Melisandre (Kit Harington), (as Carice Van Houten) (), Bran Stark (Iain Glen), Sansa Stark (), Arya Stark (Charles Dance), Theon Greyjoy (), Joffrey Baratheon (Liam Cunningham), Ygritte (), Samwell Tarly (Stephen Dillane), Gendry ()"
4,1,tt2816136,https://www.imdb.com/title/tt2816136/?ref_=ttep_ep_1,,", Peter Dinklage, , Nikolaj Coster-Waldau, , Lena Headey, , Emilia Clarke, , Kit Harington, , Charles Dance, , Natalie Dormer, , Jack Gleeson, , Sophie Turner, , Maisie Williams, , John Bradley, , Rose Leslie, , Kristofer Hivju, , Rory McCann, , Gwendoline Christie, , Jerome Flynn, , Sibel Kekilli, , Iain Glen","Tyrion Lannister (), Jaime Lannister (Peter Dinklage), Cersei Lannister (), Daenerys Targaryen (Nikolaj Coster-Waldau), Jon Snow (), Tywin Lannister (Lena Headey), Margaery Tyrell (), Joffrey Baratheon (Emilia Clarke), Sansa Stark (), Arya Stark (Kit Harington), Samwell Tarly (), Ygritte (Charles Dance), Tormund Giantsbane (), Sandor 'The Hound' Clegane (Natalie Dormer), Brienne of Tarth (), Bronn (Jack Gleeson), Shae (), Jorah Mormont (Sophie Turner)"
4,2,tt2832378,https://www.imdb.com/title/tt2832378/?ref_=ttep_ep_2,,", Peter Dinklage, , Nikolaj Coster-Waldau, , Lena Headey, , Charles Dance, , Natalie Dormer, , Liam Cunningham, , Stephen Dillane, , Carice van Houten, , Alfie Allen, , Jack Gleeson, , Isaac Hempstead Wright, , Sophie Turner, , Gwendoline Christie, , Sibel Kekilli, , Iwan Rheon, , Conleth Hill, , Jerome Flynn, , Diana Rigg","Tyrion Lannister (), Jaime Lannister (Peter Dinklage), Cersei Lannister (), Tywin Lannister (Nikolaj Coster-Waldau), Margaery Tyrell (), Davos Seaworth (Lena Headey), Stannis Baratheon (), Melisandre (Charles Dance), (as Carice Van Houten) (), Theon Greyjoy (Natalie Dormer), Joffrey Baratheon (), Bran Stark (Liam Cunningham), Sansa Stark (), Brienne of Tarth (Stephen Dillane), Shae (), Ramsay Snow (Carice van Houten), Lord Varys (), Bronn (Alfie Allen), Olenna Tyrell ()"
4,3,tt2972426,https://www.imdb.com/title/tt2972426/?ref_=ttep_ep_3,,", Peter Dinklage, , Nikolaj Coster-Waldau, , Lena Headey, , Emilia Clarke, , Kit Harington, , Aidan Gillen, , Charles Dance, , Natalie Dormer, , Liam Cunningham, , Stephen Dillane, , Jack Gleeson, , Sophie Turner, , Maisie Williams, , Rory McCann, , John Bradley, , Rose Leslie, , Kristofer Hivju, , Hannah Murray","Tyrion Lannister (), Jaime Lannister (Peter Dinklage), Cersei Lannister (), Daenerys Targaryen (Nikolaj Coster-Waldau), Jon Snow (), Petyr 'Littlefinger' Baelish (Lena Headey), Tywin Lannister (), Margaery Tyrell (Emilia Clarke), Davos Seaworth (), Stannis Baratheon (Kit Harington), Joffrey Baratheon (), Sansa Stark (Aidan Gillen), Arya Stark (), Sandor 'The Hound' Clegane (Charles Dance), Samwell Tarly (), Ygritte (Natalie Dormer), Tormund Giantsbane (), Gilly (Liam Cunningham)"
4,4,tt2972428,https://www.imdb.com/title/tt2972428/?ref_=ttep_ep_4,,", Peter Dinklage, , Nikolaj Coster-Waldau, , Lena Headey, , Emilia Clarke, , Kit Harington, , Aidan Gillen, , Natalie Dormer, , John Bradley, , Isaac Hempstead Wright, , Sophie Turner, , Gwendoline Christie, , Jerome Flynn, , Iain Glen, , Diana Rigg, , Michiel Huisman, , Ian McElhinney, , Owen Teale, , Burn Gorman","Tyrion Lannister (), Jaime Lannister (Peter Dinklage), Cersei Lannister (), Daenerys Targaryen (Nikolaj Coster-Waldau), Jon Snow (), Petyr 'Littlefinger' Baelish (Lena Headey), Margaery Tyrell (), Samwell Tarly (Emilia Clarke), Bran Stark (), Sansa Stark (Kit Harington), Brienne of Tarth (), Bronn (Aidan Gillen), Jorah Mormont (), Olenna Tyrell (Natalie Dormer), Daario Naharis (), Barristan Selmy (John Bradley), Alliser Thorne (), Karl Tanner (Isaac Hempstead Wright)"
4,5,tt3060856,https://www.imdb.com/title/tt3060856/?ref_=ttep_ep_5,,", Nikolaj Coster-Waldau, , Lena Headey, , Emilia Clarke, , Kit Harington, , Aidan Gillen, , Charles Dance, , Natalie Dormer, , Isaac Hempstead Wright, , Sophie Turner, , Maisie Williams, , Rory McCann, , Gwendoline Christie, , Conleth Hill, , Iain Glen, , Pedro Pascal, , Michiel Huisman, , Burn Gorman, , Kate Dickie","Jaime Lannister (), Cersei Lannister (Nikolaj Coster-Waldau), Daenerys Targaryen (), Jon Snow (Lena Headey), Petyr 'Littlefinger' Baelish (), Tywin Lannister (Emilia Clarke), Margaery Tyrell (), Bran Stark (Kit Harington), Sansa Stark (), Arya Stark (Aidan Gillen), Sandor 'The Hound' Clegane (), Brienne of Tarth (Charles Dance), Lord Varys (), Jorah Mormont (Natalie Dormer), Oberyn Martell (), Daario Naharis (Isaac Hempstead Wright), Karl Tanner (), Lysa Arryn (Sophie Turner)"
4,6,tt3060910,https://www.imdb.com/title/tt3060910/?ref_=ttep_ep_6,,", Peter Dinklage, , Nikolaj Coster-Waldau, , Lena Headey, , Emilia Clarke, , Charles Dance, , Natalie Dormer, , Liam Cunningham, , Stephen Dillane, , Alfie Allen, , Iwan Rheon, , Conleth Hill, , Sibel Kekilli, , Iain Glen, , Pedro Pascal, , Julian Glover, , Ian McElhinney, , Mark Gatiss, , Roger Ashton-Griffiths","Tyrion Lannister (), Jaime Lannister (Peter Dinklage), Cersei Lannister (), Daenerys Targaryen (Nikolaj Coster-Waldau), Tywin Lannister (), Margaery Tyrell (Lena Headey), Davos Seaworth (), Stannis Baratheon (Emilia Clarke), Theon Greyjoy (), Ramsay Snow (Charles Dance), Lord Varys (), Shae (Natalie Dormer), Jorah Mormont (), Oberyn Martell (Liam Cunningham), Grand Maester Pycelle (), Barristan Selmy (Stephen Dillane), Tycho Nestoris (), Mace Tyrell (Alfie Allen)"
4,7,tt3060876,https://www.imdb.com/title/tt3060876/?ref_=ttep_ep_7,,", Peter Dinklage, , Nikolaj Coster-Waldau, , Lena Headey, , Emilia Clarke, , Kit Harington, , Aidan Gillen, , Carice van Houten, , John Bradley, , Sophie Turner, , Maisie Williams, , Rory McCann, , Gwendoline Christie, , Jerome Flynn, , Iain Glen, , Pedro Pascal, , Michiel Huisman, , Owen Teale, , Tara Fitzgerald","Tyrion Lannister (), Jaime Lannister (Peter Dinklage), Cersei Lannister (), Daenerys Targaryen (Nikolaj Coster-Waldau), Jon Snow (), Petyr 'Littlefinger' Baelish (Lena Headey), Melisandre (), (as Carice Van Houten) (Emilia Clarke), Samwell Tarly (), Sansa Stark (Kit Harington), Arya Stark (), Sandor 'The Hound' Clegane (Aidan Gillen), Brienne of Tarth (), Bronn (Carice van Houten), Jorah Mormont (), Oberyn Martell (John Bradley), Daario Naharis (), Alliser Thorne (Sophie Turner), Selyse Baratheon ()"
4,8,tt3060782,https://www.imdb.com/title/tt3060782/?ref_=ttep_ep_8,,", Peter Dinklage, , Nikolaj Coster-Waldau, , Lena Headey, , Emilia Clarke, , Kit Harington, , Aidan Gillen, , Charles Dance, , Alfie Allen, , John Bradley, , Sophie Turner, , Maisie Williams, , Rose Leslie, , Kristofer Hivju, , Hannah Murray, , Iwan Rheon, , Conleth Hill, , Rory McCann, , Iain Glen","Tyrion Lannister (), Jaime Lannister (Peter Dinklage), Cersei Lannister (), Daenerys Targaryen (Nikolaj Coster-Waldau), Jon Snow (), Petyr 'Littlefinger' Baelish (Lena Headey), Tywin Lannister (), Theon Greyjoy (Emilia Clarke), Samwell Tarly (), Sansa Stark (Kit Harington), Arya Stark (), Ygritte (Aidan Gillen), Tormund Giantsbane (), Gilly (Charles Dance), Ramsay Snow (), Lord Varys (Alfie Allen), Sandor 'The Hound' Clegane (), Jorah Mormont (John Bradley)"
4,9,tt3060858,https://www.imdb.com/title/tt3060858/?ref_=ttep_ep_9,,", Kit Harington, , John Bradley, , Hannah Murray, , Rose Leslie, , Kristofer Hivju, , Peter Vaughan, , Owen Teale, , Dominic Carter, , Mark Stanley, , Ben Crompton, , Yuri Kolokolnikov, , Josef Altin, , Brenock O'Connor, , Joseph Gatt, , Ian Whyte, , Neil Fingleton, , Joe Claflin, , Graham Gill","Jon Snow (), Samwell Tarly (Kit Harington), Gilly (), Ygritte (John Bradley), Tormund Giantsbane (), Maester Aemon (Hannah Murray), Alliser Thorne (), Janos Slynt (Rose Leslie), Grenn (), Eddison Tollett (Kristofer Hivju), Styr (), Pypar (Peter Vaughan), Olly (), Thenn Warg (Owen Teale), Dongo the Giant (), Mag the Mighty (Dominic Carter), Cooper (), (uncredited) (Mark Stanley), Grizzled Old Warrior (), (uncredited) (Ben Crompton)"
4,10,tt3060860,https://www.imdb.com/title/tt3060860/?ref_=ttep_ep_10,,", Peter Dinklage, , Nikolaj Coster-Waldau, , Lena Headey, , Emilia Clarke, , Kit Harington, , Charles Dance, , Liam Cunningham, , Stephen Dillane, , Carice van Houten, , John Bradley, , Isaac Hempstead Wright, , Maisie Williams, , Rory McCann, , Rose Leslie, , Kristofer Hivju, , Gwendoline Christie, , Conleth Hill, , Sibel Kekilli","Tyrion Lannister (), Jaime Lannister (Peter Dinklage), Cersei Lannister (), Daenerys Targaryen (Nikolaj Coster-Waldau), Jon Snow (), Tywin Lannister (Lena Headey), Davos Seaworth (), Stannis Baratheon (Emilia Clarke), Melisandre (), (as Carice Van Houten) (Kit Harington), Samwell Tarly (), Bran Stark (Charles Dance), Arya Stark (), Sandor 'The Hound' Clegane (Liam Cunningham), Ygritte (), Tormund Giantsbane (Stephen Dillane), Brienne of Tarth (), Lord Varys (Carice van Houten), Shae ()"
5,1,tt3658012,https://www.imdb.com/title/tt3658012/?ref_=ttep_ep_1,,", Peter Dinklage, , Nikolaj Coster-Waldau, , Lena Headey, , Emilia Clarke, , Kit Harington, , Aidan Gillen, , Charles Dance, , Natalie Dormer, , Stephen Dillane, , Liam Cunningham, , Carice van Houten, , John Bradley, , Sophie Turner, , Kristofer Hivju, , Hannah Murray, , Conleth Hill, , Gwendoline Christie, , Michiel Huisman","Tyrion Lannister (), Jaime Lannister (Peter Dinklage), Cersei Lannister (), Daenerys Targaryen (Nikolaj Coster-Waldau), Jon Snow (), Petyr 'Littlefinger' Baelish (Lena Headey), Tywin Lannister (), Margaery Tyrell (Emilia Clarke), Stannis Baratheon (), Davos Seaworth (Kit Harington), Melisandre (), (as Carice Van Houten) (Aidan Gillen), Samwell Tarly (), Sansa Stark (Charles Dance), Tormund Giantsbane (), Gilly (Natalie Dormer), Lord Varys (), Brienne of Tarth (Stephen Dillane), Daario Naharis ()"
5,2,tt3846626,https://www.imdb.com/title/tt3846626/?ref_=ttep_ep_2,,", Peter Dinklage, , Nikolaj Coster-Waldau, , Lena Headey, , Emilia Clarke, , Kit Harington, , Aidan Gillen, , Stephen Dillane, , Liam Cunningham, , Indira Varma, , Maisie Williams, , Sophie Turner, , Conleth Hill, , Jerome Flynn, , John Bradley, , Hannah Murray, , Gwendoline Christie, , Nathalie Emmanuel, , Michiel Huisman","Tyrion Lannister (), Jaime Lannister (Peter Dinklage), Cersei Lannister (), Daenerys Targaryen (Nikolaj Coster-Waldau), Jon Snow (), Petyr 'Littlefinger' Baelish (Lena Headey), Stannis Baratheon (), Davos Seaworth (Emilia Clarke), Ellaria Sand (), Arya Stark (Kit Harington), Sansa Stark (), Lord Varys (Aidan Gillen), Bronn (), Samwell Tarly (Stephen Dillane), Gilly (), Brienne of Tarth (Liam Cunningham), Missandei (), Daario Naharis (Indira Varma)"
5,3,tt3866836,https://www.imdb.com/title/tt3866836/?ref_=ttep_ep_3,,", Peter Dinklage, , Lena Headey, , Kit Harington, , Aidan Gillen, , Natalie Dormer, , Stephen Dillane, , Liam Cunningham, , Conleth Hill, , Alfie Allen, , Sophie Turner, , Maisie Williams, , John Bradley, , Gwendoline Christie, , Dean-Charles Chapman, , Tom Wlaschiha, , Michael McElhatton, , Iwan Rheon, , Iain Glen","Tyrion Lannister (), Cersei Lannister (Peter Dinklage), Jon Snow (), Petyr 'Littlefinger' Baelish (Lena Headey), Margaery Tyrell (), Stannis Baratheon (Kit Harington), Davos Seaworth (), Lord Varys (Aidan Gillen), Theon Greyjoy (), Sansa Stark (Natalie Dormer), Arya Stark (), Samwell Tarly (Stephen Dillane), Brienne of Tarth (), Tommen Baratheon (Liam Cunningham), Jaqen H'ghar (), Roose Bolton (Conleth Hill), Ramsay Bolton (), Jorah Mormont (Alfie Allen)"
5,4,tt3866838,https://www.imdb.com/title/tt3866838/?ref_=ttep_ep_4,,", Peter Dinklage, , Nikolaj Coster-Waldau, , Lena Headey, , Emilia Clarke, , Kit Harington, , Aidan Gillen, , Natalie Dormer, , Stephen Dillane, , Carice van Houten, , Indira Varma, , John Bradley, , Sophie Turner, , Jerome Flynn, , Michiel Huisman, , Nathalie Emmanuel, , Dean-Charles Chapman, , Iain Glen, , Jonathan Pryce","Tyrion Lannister (), Jaime Lannister (Peter Dinklage), Cersei Lannister (), Daenerys Targaryen (Nikolaj Coster-Waldau), Jon Snow (), Petyr 'Littlefinger' Baelish (Lena Headey), Margaery Tyrell (), Stannis Baratheon (Emilia Clarke), Melisandre (), (as Carice Van Houten) (Kit Harington), Ellaria Sand (), Samwell Tarly (Aidan Gillen), Sansa Stark (), Bronn (Natalie Dormer), Daario Naharis (), Missandei (Stephen Dillane), Tommen Baratheon (), Jorah Mormont (Carice van Houten), High Sparrow ()"
5,5,tt3866840,https://www.imdb.com/title/tt3866840/?ref_=ttep_ep_5,,", Peter Dinklage, , Emilia Clarke, , Kit Harington, , Stephen Dillane, , Liam Cunningham, , Carice van Houten, , Alfie Allen, , John Bradley, , Sophie Turner, , Hannah Murray, , Michiel Huisman, , Nathalie Emmanuel, , Gwendoline Christie, , Kristofer Hivju, , Michael McElhatton, , Iwan Rheon, , Iain Glen, , Ian McElhinney","Tyrion Lannister (), Daenerys Targaryen (Peter Dinklage), Jon Snow (), Stannis Baratheon (Emilia Clarke), Davos Seaworth (), Melisandre (Kit Harington), (as Carice Van Houten) (), Theon Greyjoy (Stephen Dillane), Samwell Tarly (), Sansa Stark (Liam Cunningham), Gilly (), Daario Naharis (Carice van Houten), Missandei (), Brienne of Tarth (Alfie Allen), Tormund Giantsbane (), Roose Bolton (John Bradley), Ramsay Bolton (), Jorah Mormont (Sophie Turner), Barristan Selmy ()"
5,6,tt3866842,https://www.imdb.com/title/tt3866842/?ref_=ttep_ep_6,,", Peter Dinklage, , Nikolaj Coster-Waldau, , Lena Headey, , Aidan Gillen, , Natalie Dormer, , Indira Varma, , Maisie Williams, , Sophie Turner, , Jerome Flynn, , Alfie Allen, , Michael McElhatton, , Iwan Rheon, , Tom Wlaschiha, , Dean-Charles Chapman, , Iain Glen, , Diana Rigg, , Jonathan Pryce, , Alexander Siddig","Tyrion Lannister (), Jaime Lannister (Peter Dinklage), Cersei Lannister (), Petyr 'Littlefinger' Baelish (Nikolaj Coster-Waldau), Margaery Tyrell (), Ellaria Sand (Lena Headey), Arya Stark (), Sansa Stark (Aidan Gillen), Bronn (), Theon Greyjoy (Natalie Dormer), Roose Bolton (), Ramsay Bolton (Indira Varma), Jaqen H'ghar (), Tommen Baratheon (Maisie Williams), Jorah Mormont (), Olenna Tyrell (Sophie Turner), High Sparrow (), Doran Martell (Jerome Flynn)"
5,7,tt3866846,https://www.imdb.com/title/tt3866846/?ref_=ttep_ep_7,,", Peter Dinklage, , Nikolaj Coster-Waldau, , Lena Headey, , Emilia Clarke, , Kit Harington, , Aidan Gillen, , Natalie Dormer, , Stephen Dillane, , Liam Cunningham, , Carice van Houten, , John Bradley, , Kristofer Hivju, , Hannah Murray, , Dean-Charles Chapman, , Alfie Allen, , Sophie Turner, , Iwan Rheon, , Gwendoline Christie","Tyrion Lannister (), Jaime Lannister (Peter Dinklage), Cersei Lannister (), Daenerys Targaryen (Nikolaj Coster-Waldau), Jon Snow (), Petyr 'Littlefinger' Baelish (Lena Headey), Margaery Tyrell (), Stannis Baratheon (Emilia Clarke), Davos Seaworth (), Melisandre (Kit Harington), (as Carice Van Houten) (), Samwell Tarly (Aidan Gillen), Tormund Giantsbane (), Gilly (Natalie Dormer), Tommen Baratheon (), Theon Greyjoy (Stephen Dillane), Sansa Stark (), Ramsay Bolton (Liam Cunningham), Brienne of Tarth ()"
5,8,tt3866850,https://www.imdb.com/title/tt3866850/?ref_=ttep_ep_8,,", Peter Dinklage, , Lena Headey, , Emilia Clarke, , Kit Harington, , Sophie Turner, , Maisie Williams, , John Bradley, , Hannah Murray, , Kristofer Hivju, , Alfie Allen, , Nathalie Emmanuel, , Tom Wlaschiha, , Michael McElhatton, , Iwan Rheon, , Iain Glen, , Anton Lesser, , Ben Crompton, , Faye Marsay","Tyrion Lannister (), Cersei Lannister (Peter Dinklage), Daenerys Targaryen (), Jon Snow (Lena Headey), Sansa Stark (), Arya Stark (Emilia Clarke), Samwell Tarly (), Gilly (Kit Harington), Tormund Giantsbane (), Theon Greyjoy (Sophie Turner), Missandei (), Jaqen H'ghar (Maisie Williams), Roose Bolton (), Ramsay Bolton (John Bradley), Jorah Mormont (), Qyburn (Hannah Murray), Eddison Tollett (), The Waif (Kristofer Hivju)"
5,9,tt3866826,https://www.imdb.com/title/tt3866826/?ref_=ttep_ep_9,,", Peter Dinklage, , Nikolaj Coster-Waldau, , Emilia Clarke, , Kit Harington, , Stephen Dillane, , Liam Cunningham, , Carice van Houten, , Indira Varma, , Maisie Williams, , Jerome Flynn, , John Bradley, , Kristofer Hivju, , Tom Wlaschiha, , Michiel Huisman, , Nathalie Emmanuel, , Iain Glen, , Owen Teale, , Tara Fitzgerald","Tyrion Lannister (), Jaime Lannister (Peter Dinklage), Daenerys Targaryen (), Jon Snow (Nikolaj Coster-Waldau), Stannis Baratheon (), Davos Seaworth (Emilia Clarke), Melisandre (), (as Carice Van Houten) (Kit Harington), Ellaria Sand (), Arya Stark (Stephen Dillane), Bronn (), Samwell Tarly (Liam Cunningham), Tormund Giantsbane (), Jaqen H'ghar (Carice van Houten), Daario Naharis (), Missandei (Indira Varma), Jorah Mormont (), Alliser Thorne (Maisie Williams), Selyse Baratheon ()"
5,10,tt3866862,https://www.imdb.com/title/tt3866862/?ref_=ttep_ep_10,,", Peter Dinklage, , Nikolaj Coster-Waldau, , Lena Headey, , Emilia Clarke, , Kit Harington, , Stephen Dillane, , Liam Cunningham, , Carice van Houten, , Indira Varma, , Maisie Williams, , Sophie Turner, , John Bradley, , Hannah Murray, , Nathalie Emmanuel, , Michiel Huisman, , Conleth Hill, , Jerome Flynn, , Alfie Allen","Tyrion Lannister (), Jaime Lannister (Peter Dinklage), Cersei Lannister (), Daenerys Targaryen (Nikolaj Coster-Waldau), Jon Snow (), Stannis Baratheon (Lena Headey), Davos Seaworth (), Melisandre (Emilia Clarke), (as Carice Van Houten) (), Ellaria Sand (Kit Harington), Arya Stark (), Sansa Stark (Stephen Dillane), Samwell Tarly (), Gilly (Liam Cunningham), Missandei (), Daario Naharis (Carice van Houten), Lord Varys (), Bronn (Indira Varma), Theon Greyjoy ()"
6,1,tt3658014,https://www.imdb.com/title/tt3658014/?ref_=ttep_ep_1,,", Peter Dinklage, , Nikolaj Coster-Waldau, , Lena Headey, , Emilia Clarke, , Kit Harington, , Liam Cunningham, , Carice van Houten, , Natalie Dormer, , Indira Varma, , Sophie Turner, , Maisie Williams, , Conleth Hill, , Alfie Allen, , Gwendoline Christie, , Jonathan Pryce, , Michiel Huisman, , Michael McElhatton, , Iwan Rheon","Tyrion Lannister (), Jaime Lannister (Peter Dinklage), Cersei Lannister (), Daenerys Targaryen (Nikolaj Coster-Waldau), Jon Snow (), Davos Seaworth (Lena Headey), Melisandre (), (as Carice Van Houten) (Emilia Clarke), Margaery Tyrell (), Ellaria Sand (Kit Harington), Sansa Stark (), Arya Stark (Liam Cunningham), Lord Varys (), Theon Greyjoy (Carice van Houten), Brienne of Tarth (), High Sparrow (Natalie Dormer), Daario Naharis (), Roose Bolton (Indira Varma), Ramsay Bolton ()"
6,2,tt4077554,https://www.imdb.com/title/tt4077554/?ref_=ttep_ep_2,,", Peter Dinklage, , Nikolaj Coster-Waldau, , Lena Headey, , Kit Harington, , Liam Cunningham, , Carice van Houten, , Sophie Turner, , Nathalie Emmanuel, , Maisie Williams, , Conleth Hill, , Jonathan Pryce, , Kristofer Hivju, , Alfie Allen, , Tom Wlaschiha, , Iwan Rheon, , Michael McElhatton, , Gwendoline Christie, , Dean-Charles Chapman","Tyrion Lannister (), Jaime Lannister (Peter Dinklage), Cersei Lannister (), Jon Snow (Nikolaj Coster-Waldau), Davos Seaworth (), Melisandre (Lena Headey), (as Carice Van Houten) (), Sansa Stark (Kit Harington), Missandei (), Arya Stark (Liam Cunningham), Lord Varys (), High Sparrow (Carice van Houten), Tormund Giantsbane (), Theon Greyjoy (Sophie Turner), Jaqen H'ghar (), Ramsay Bolton (Nathalie Emmanuel), Roose Bolton (), Brienne of Tarth (Maisie Williams), Tommen Baratheon ()"
6,3,tt4131606,https://www.imdb.com/title/tt4131606/?ref_=ttep_ep_3,,", Peter Dinklage, , Nikolaj Coster-Waldau, , Lena Headey, , Emilia Clarke, , Kit Harington, , Liam Cunningham, , Carice van Houten, , Nathalie Emmanuel, , Maisie Williams, , Conleth Hill, , Kristofer Hivju, , Isaac Hempstead Wright, , John Bradley, , Iwan Rheon, , Jonathan Pryce, , Dean-Charles Chapman, , Hannah Murray, , Tom Wlaschiha","Tyrion Lannister (), Jaime Lannister (Peter Dinklage), Cersei Lannister (), Daenerys Targaryen (Nikolaj Coster-Waldau), Jon Snow (), Davos Seaworth (Lena Headey), Melisandre (), (as Carice Van Houten) (Emilia Clarke), Missandei (), Arya Stark (Kit Harington), Lord Varys (), Tormund Giantsbane (Liam Cunningham), Bran Stark (), Samwell Tarly (Carice van Houten), Ramsay Bolton (), High Sparrow (Nathalie Emmanuel), Tommen Baratheon (), Gilly (Maisie Williams), Jaqen H'ghar ()"
6,4,tt4283016,https://www.imdb.com/title/tt4283016/?ref_=ttep_ep_4,,", Peter Dinklage, , Nikolaj Coster-Waldau, , Lena Headey, , Emilia Clarke, , Kit Harington, , Natalie Dormer, , Aidan Gillen, , Liam Cunningham, , Carice van Houten, , Sophie Turner, , Nathalie Emmanuel, , Conleth Hill, , Kristofer Hivju, , Jonathan Pryce, , Michiel Huisman, , Dean-Charles Chapman, , Iwan Rheon, , Gwendoline Christie","Tyrion Lannister (), Jaime Lannister (Peter Dinklage), Cersei Lannister (), Daenerys Targaryen (Nikolaj Coster-Waldau), Jon Snow (), Margaery Tyrell (Lena Headey), Petyr 'Littlefinger' Baelish (), Davos Seaworth (Emilia Clarke), Melisandre (), (as Carice Van Houten) (Kit Harington), Sansa Stark (), Missandei (Natalie Dormer), Lord Varys (), Tormund Giantsbane (Aidan Gillen), High Sparrow (), Daario Naharis (Liam Cunningham), Tommen Baratheon (), Ramsay Bolton (Carice van Houten), Brienne of Tarth ()"
6,5,tt4283028,https://www.imdb.com/title/tt4283028/?ref_=ttep_ep_5,,", Peter Dinklage, , Emilia Clarke, , Kit Harington, , Aidan Gillen, , Liam Cunningham, , Carice van Houten, , Sophie Turner, , Nathalie Emmanuel, , Maisie Williams, , Conleth Hill, , Isaac Hempstead Wright, , Kristofer Hivju, , Alfie Allen, , Michiel Huisman, , Gwendoline Christie, , Tom Wlaschiha, , Iain Glen, , Max von Sydow","Tyrion Lannister (), Daenerys Targaryen (Peter Dinklage), Jon Snow (), Petyr 'Littlefinger' Baelish (Emilia Clarke), Davos Seaworth (), Melisandre (Kit Harington), (as Carice Van Houten) (), Sansa Stark (Aidan Gillen), Missandei (), Arya Stark (Liam Cunningham), Lord Varys (), Bran Stark (Carice van Houten), Tormund Giantsbane (), Theon Greyjoy (Sophie Turner), Daario Naharis (), Brienne of Tarth (Nathalie Emmanuel), Jaqen H'ghar (), Jorah Mormont (Maisie Williams), Three-Eyed Raven (), (as Max Von Sydow) (Conleth Hill)"
6,6,tt4283054,https://www.imdb.com/title/tt4283054/?ref_=ttep_ep_6,,", Nikolaj Coster-Waldau, , Lena Headey, , Emilia Clarke, , Natalie Dormer, , Maisie Williams, , Jonathan Pryce, , John Bradley, , Isaac Hempstead Wright, , Michiel Huisman, , Tom Wlaschiha, , Dean-Charles Chapman, , Hannah Murray, , Diana Rigg, , Richard E. Grant, , David Bradley, , Essie Davis, , Joseph Mawle, , Tobias Menzies","Jaime Lannister (), Cersei Lannister (Nikolaj Coster-Waldau), Daenerys Targaryen (), Margaery Tyrell (Lena Headey), Arya Stark (), High Sparrow (Emilia Clarke), Samwell Tarly (), Bran Stark (Natalie Dormer), Daario Naharis (), Jaqen H'ghar (Maisie Williams), Tommen Baratheon (), Gilly (Jonathan Pryce), Olenna Tyrell (), Izembaro (John Bradley), Walder Frey (), Lady Crane (Isaac Hempstead Wright), Benjen Stark (), Edmure Tully (Michiel Huisman)"
6,7,tt4283060,https://www.imdb.com/title/tt4283060/?ref_=ttep_ep_7,,", Nikolaj Coster-Waldau, , Lena Headey, , Kit Harington, , Natalie Dormer, , Liam Cunningham, , Sophie Turner, , Rory McCann, , Maisie Williams, , Jonathan Pryce, , Kristofer Hivju, , Jerome Flynn, , Alfie Allen, , Ian McShane, , Diana Rigg, , Clive Russell, , Tobias Menzies, , Gemma Whelan, , Faye Marsay","Jaime Lannister (), Cersei Lannister (Nikolaj Coster-Waldau), Jon Snow (), Margaery Tyrell (Lena Headey), Davos Seaworth (), Sansa Stark (Kit Harington), Sandor 'The Hound' Clegane (), Arya Stark (Natalie Dormer), High Sparrow (), Tormund Giantsbane (Liam Cunningham), Bronn (), Theon Greyjoy (Sophie Turner), Brother Ray (), Olenna Tyrell (Rory McCann), Brynden 'Blackfish' Tully (), Edmure Tully (Maisie Williams), Yara Greyjoy (), The Waif (Jonathan Pryce)"
6,8,tt4283074,https://www.imdb.com/title/tt4283074/?ref_=ttep_ep_8,,", Peter Dinklage, , Nikolaj Coster-Waldau, , Lena Headey, , Emilia Clarke, , Nathalie Emmanuel, , Maisie Williams, , Conleth Hill, , Rory McCann, , Jerome Flynn, , Gwendoline Christie, , Tom Wlaschiha, , Dean-Charles Chapman, , Richard E. Grant, , Essie Davis, , Julian Glover, , Anton Lesser, , Ian Gelder, , Faye Marsay","Tyrion Lannister (), Jaime Lannister (Peter Dinklage), Cersei Lannister (), Daenerys Targaryen (Nikolaj Coster-Waldau), Missandei (), Arya Stark (Lena Headey), Lord Varys (), Sandor 'The Hound' Clegane (Emilia Clarke), Bronn (), Brienne of Tarth (Nathalie Emmanuel), Jaqen H'ghar (), Tommen Baratheon (Maisie Williams), Izembaro (), (voice) (Conleth Hill), Lady Crane (), Grand Maester Pycelle (Rory McCann), Qyburn (), Kevan Lannister (Jerome Flynn), The Waif ()"
6,9,tt4283088,https://www.imdb.com/title/tt4283088/?ref_=ttep_ep_9,,", Peter Dinklage, , Kit Harington, , Emilia Clarke, , Liam Cunningham, , Sophie Turner, , Aidan Gillen, , Carice van Houten, , Nathalie Emmanuel, , Kristofer Hivju, , Iwan Rheon, , Alfie Allen, , Michiel Huisman, , Jacob Anderson, , Gemma Whelan, , Ian Whyte, , Enzo Cilenti, , Paul Rattray, , Dean Jagger","Tyrion Lannister (), Jon Snow (Peter Dinklage), Daenerys Targaryen (), Davos Seaworth (Kit Harington), Sansa Stark (), Petyr 'Littlefinger' Baelish (Emilia Clarke), Melisandre (), (as Carice Van Houten) (Liam Cunningham), Missandei (), Tormund Giantsbane (Sophie Turner), Ramsay Bolton (), Theon Greyjoy (Aidan Gillen), Daario Naharis (), Grey Worm (Carice van Houten), Yara Greyjoy (), Wun Wun (Nathalie Emmanuel), Yezzan zo Qaggaz (), Harald Karstark (Kristofer Hivju), Smalljon Umber ()"
6,10,tt4283094,https://www.imdb.com/title/tt4283094/?ref_=ttep_ep_10,,", Peter Dinklage, , Nikolaj Coster-Waldau, , Lena Headey, , Kit Harington, , Emilia Clarke, , Natalie Dormer, , Liam Cunningham, , Sophie Turner, , Aidan Gillen, , Carice van Houten, , Nathalie Emmanuel, , Indira Varma, , Maisie Williams, , Jonathan Pryce, , Conleth Hill, , Dean-Charles Chapman, , Kristofer Hivju, , John Bradley","Tyrion Lannister (), Jaime Lannister (Peter Dinklage), Cersei Lannister (), Jon Snow (Nikolaj Coster-Waldau), Daenerys Targaryen (), Margaery Tyrell (Lena Headey), Davos Seaworth (), Sansa Stark (Kit Harington), Petyr 'Littlefinger' Baelish (), Melisandre (Emilia Clarke), (as Carice Van Houten) (), Missandei (Natalie Dormer), Ellaria Sand (), Arya Stark (Liam Cunningham), High Sparrow (), Lord Varys (Sophie Turner), Tommen Baratheon (), Tormund Giantsbane (Aidan Gillen), Samwell Tarly ()"
7,1,tt5654088,https://www.imdb.com/title/tt5654088/?ref_=ttep_ep_1,,", Peter Dinklage, , Nikolaj Coster-Waldau, , Lena Headey, , Emilia Clarke, , Kit Harington, , Aidan Gillen, , Liam Cunningham, , Sophie Turner, , Maisie Williams, , Nathalie Emmanuel, , Gwendoline Christie, , Conleth Hill, , John Bradley, , Isaac Hempstead Wright, , Hannah Murray, , Kristofer Hivju, , Rory McCann, , Iain Glen","Tyrion Lannister (), Jaime Lannister (Peter Dinklage), Cersei Lannister (), Daenerys Targaryen (Nikolaj Coster-Waldau), Jon Snow (), Petyr 'Littlefinger' Baelish (Lena Headey), Davos Seaworth (), Sansa Stark (Emilia Clarke), Arya Stark (), Missandei (Kit Harington), Brienne of Tarth (), Lord Varys (Aidan Gillen), Samwell Tarly (), Bran Stark (Liam Cunningham), Gilly (), Tormund Giantsbane (Sophie Turner), Sandor 'The Hound' Clegane (), Jorah Mormont (Maisie Williams)"
7,2,tt5655178,https://www.imdb.com/title/tt5655178/?ref_=ttep_ep_2,,", Peter Dinklage, , Nikolaj Coster-Waldau, , Lena Headey, , Emilia Clarke, , Kit Harington, , Aidan Gillen, , Liam Cunningham, , Sophie Turner, , Maisie Williams, , Carice van Houten, , Nathalie Emmanuel, , Indira Varma, , Alfie Allen, , John Bradley, , Gwendoline Christie, , Conleth Hill, , Iain Glen, , Diana Rigg","Tyrion Lannister (), Jaime Lannister (Peter Dinklage), Cersei Lannister (), Daenerys Targaryen (Nikolaj Coster-Waldau), Jon Snow (), Petyr 'Littlefinger' Baelish (Lena Headey), Davos Seaworth (), Sansa Stark (Emilia Clarke), Arya Stark (), Melisandre (Kit Harington), (as Carice Van Houten) (), Missandei (Aidan Gillen), Ellaria Sand (), Theon Greyjoy (Liam Cunningham), Samwell Tarly (), Brienne of Tarth (Sophie Turner), Lord Varys (), Jorah Mormont (Maisie Williams), Olenna Tyrell ()"
7,3,tt5775840,https://www.imdb.com/title/tt5775840/?ref_=ttep_ep_3,,", Peter Dinklage, , Nikolaj Coster-Waldau, , Lena Headey, , Emilia Clarke, , Kit Harington, , Aidan Gillen, , Liam Cunningham, , Carice van Houten, , Sophie Turner, , Nathalie Emmanuel, , Indira Varma, , Alfie Allen, , John Bradley, , Isaac Hempstead Wright, , Conleth Hill, , Jerome Flynn, , Iain Glen, , Diana Rigg","Tyrion Lannister (), Jaime Lannister (Peter Dinklage), Cersei Lannister (), Daenerys Targaryen (Nikolaj Coster-Waldau), Jon Snow (), Petyr 'Littlefinger' Baelish (Lena Headey), Davos Seaworth (), Melisandre (Emilia Clarke), (as Carice Van Houten) (), Sansa Stark (Kit Harington), Missandei (), Ellaria Sand (Aidan Gillen), Theon Greyjoy (), Samwell Tarly (Liam Cunningham), Bran Stark (), Lord Varys (Carice van Houten), Bronn (), Jorah Mormont (Sophie Turner), Olenna Tyrell ()"
7,4,tt5775846,https://www.imdb.com/title/tt5775846/?ref_=ttep_ep_4,,", Peter Dinklage, , Nikolaj Coster-Waldau, , Lena Headey, , Emilia Clarke, , Kit Harington, , Aidan Gillen, , Liam Cunningham, , Sophie Turner, , Maisie Williams, , Nathalie Emmanuel, , Conleth Hill, , Jerome Flynn, , Alfie Allen, , Gwendoline Christie, , Isaac Hempstead Wright, , James Faulkner, , Tom Hopper, , Ellie Kendrick","Tyrion Lannister (), Jaime Lannister (Peter Dinklage), Cersei Lannister (), Daenerys Targaryen (Nikolaj Coster-Waldau), Jon Snow (), Petyr 'Littlefinger' Baelish (Lena Headey), Davos Seaworth (), Sansa Stark (Emilia Clarke), Arya Stark (), Missandei (Kit Harington), Lord Varys (), Bronn (Aidan Gillen), Theon Greyjoy (), Brienne of Tarth (Liam Cunningham), Bran Stark (), Randyll Tarly (Sophie Turner), Dickon Tarly (), Meera Reed (Maisie Williams)"
7,5,tt5775854,https://www.imdb.com/title/tt5775854/?ref_=ttep_ep_5,,", Peter Dinklage, , Nikolaj Coster-Waldau, , Lena Headey, , Emilia Clarke, , Kit Harington, , Aidan Gillen, , Liam Cunningham, , Sophie Turner, , Maisie Williams, , Conleth Hill, , Rory McCann, , Isaac Hempstead Wright, , Jerome Flynn, , John Bradley, , Hannah Murray, , Kristofer Hivju, , Joe Dempsie, , Iain Glen","Tyrion Lannister (), Jaime Lannister (Peter Dinklage), Cersei Lannister (), Daenerys Targaryen (Nikolaj Coster-Waldau), Jon Snow (), Petyr 'Littlefinger' Baelish (Lena Headey), Davos Seaworth (), Sansa Stark (Emilia Clarke), Arya Stark (), Lord Varys (Kit Harington), Sandor 'The Hound' Clegane (), Bran Stark (Aidan Gillen), Bronn (), Samwell Tarly (Liam Cunningham), Gilly (), Tormund Giantsbane (Sophie Turner), Gendry (), Jorah Mormont (Maisie Williams)"
7,6,tt5775864,https://www.imdb.com/title/tt5775864/?ref_=ttep_ep_6,,", Peter Dinklage, , Emilia Clarke, , Kit Harington, , Aidan Gillen, , Liam Cunningham, , Sophie Turner, , Maisie Williams, , Gwendoline Christie, , Rory McCann, , Kristofer Hivju, , Joe Dempsie, , Iain Glen, , Richard Dormer, , Paul Kaye, , Joseph Mawle, , Richard Rycroft, , Michael Byrch, , Dan Euston","Tyrion Lannister (), Daenerys Targaryen (Peter Dinklage), Jon Snow (), Petyr 'Littlefinger' Baelish (Emilia Clarke), Davos Seaworth (), Sansa Stark (Kit Harington), Arya Stark (), Brienne of Tarth (Aidan Gillen), Sandor 'The Hound' Clegane (), Tormund Giantsbane (Liam Cunningham), Gendry (), Jorah Mormont (Sophie Turner), Beric Dondarrion (), Thoros of Myr (Maisie Williams), Benjen Stark (), Maester Wolkan (Gwendoline Christie), Captured Wight (), (uncredited) (Rory McCann), Wildling (), (uncredited) (Kristofer Hivju)"
7,7,tt5775874,https://www.imdb.com/title/tt5775874/?ref_=ttep_ep_7,,", Peter Dinklage, , Nikolaj Coster-Waldau, , Lena Headey, , Emilia Clarke, , Kit Harington, , Aidan Gillen, , Liam Cunningham, , Sophie Turner, , Maisie Williams, , Nathalie Emmanuel, , Alfie Allen, , John Bradley, , Isaac Hempstead Wright, , Conleth Hill, , Jerome Flynn, , Gwendoline Christie, , Rory McCann, , Kristofer Hivju","Tyrion Lannister (), Jaime Lannister (Peter Dinklage), Cersei Lannister (), Daenerys Targaryen (Nikolaj Coster-Waldau), Jon Snow (), Petyr 'Littlefinger' Baelish (Lena Headey), Davos Seaworth (), Sansa Stark (Emilia Clarke), Arya Stark (), Missandei (Kit Harington), Theon Greyjoy (), Samwell Tarly (Aidan Gillen), Bran Stark (), Lord Varys (Liam Cunningham), Bronn (), Brienne of Tarth (Sophie Turner), Sandor 'The Hound' Clegane (), Tormund Giantsbane (Maisie Williams)"
8,1,tt5924366,https://www.imdb.com/title/tt5924366/?ref_=ttep_ep_1,,", Peter Dinklage, , Nikolaj Coster-Waldau, , Lena Headey, , Emilia Clarke, , Kit Harington, , Sophie Turner, , Maisie Williams, , Liam Cunningham, , Nathalie Emmanuel, , Alfie Allen, , John Bradley, , Isaac Hempstead Wright, , Gwendoline Christie, , Conleth Hill, , Rory McCann, , Jerome Flynn, , Kristofer Hivju, , Joe Dempsie","Tyrion Lannister (), Jaime Lannister (Peter Dinklage), Cersei Lannister (), Daenerys Targaryen (Nikolaj Coster-Waldau), Jon Snow (), Sansa Stark (Lena Headey), Arya Stark (), Davos Seaworth (Emilia Clarke), Missandei (), Theon Greyjoy (Kit Harington), Samwell Tarly (), Bran Stark (Sophie Turner), Brienne of Tarth (), Lord Varys (Maisie Williams), Sandor 'The Hound' Clegane (), Bronn (Liam Cunningham), Tormund Giantsbane (), Gendry (Nathalie Emmanuel)"
8,2,tt6027908,https://www.imdb.com/title/tt6027908/?ref_=ttep_ep_2,,", Peter Dinklage, , Nikolaj Coster-Waldau, , Emilia Clarke, , Kit Harington, , Sophie Turner, , Maisie Williams, , Liam Cunningham, , Nathalie Emmanuel, , Alfie Allen, , Joe Dempsie, , Isaac Hempstead Wright, , John Bradley, , Hannah Murray, , Gwendoline Christie, , Conleth Hill, , Rory McCann, , Kristofer Hivju, , Jacob Anderson","Tyrion Lannister (), Jaime Lannister (Peter Dinklage), Daenerys Targaryen (), Jon Snow (Nikolaj Coster-Waldau), Sansa Stark (), Arya Stark (Emilia Clarke), Davos Seaworth (), Missandei (Kit Harington), Theon Greyjoy (), Gendry (Sophie Turner), Bran Stark (), Samwell Tarly (Maisie Williams), Gilly (), Brienne of Tarth (Liam Cunningham), Lord Varys (), Sandor 'The Hound' Clegane (Nathalie Emmanuel), Tormund Giantsbane (), Grey Worm (Alfie Allen)"
8,3,tt6027912,https://www.imdb.com/title/tt6027912/?ref_=ttep_ep_3,,", Peter Dinklage, , Nikolaj Coster-Waldau, , Emilia Clarke, , Kit Harington, , Sophie Turner, , Maisie Williams, , Liam Cunningham, , Carice van Houten, , Nathalie Emmanuel, , Alfie Allen, , Isaac Hempstead Wright, , John Bradley, , Hannah Murray, , Gwendoline Christie, , Conleth Hill, , Rory McCann, , Kristofer Hivju, , Joe Dempsie","Tyrion Lannister (), Jaime Lannister (Peter Dinklage), Daenerys Targaryen (), Jon Snow (Nikolaj Coster-Waldau), Sansa Stark (), Arya Stark (Emilia Clarke), Davos Seaworth (), Melisandre (Kit Harington), (as Carice Van Houten) (), Missandei (Sophie Turner), Theon Greyjoy (), Bran Stark (Maisie Williams), Samwell Tarly (), Gilly (Liam Cunningham), Brienne of Tarth (), Lord Varys (Carice van Houten), Sandor 'The Hound' Clegane (), Tormund Giantsbane (Nathalie Emmanuel), Gendry ()"
8,4,tt6027914,https://www.imdb.com/title/tt6027914/?ref_=ttep_ep_4,,", Peter Dinklage, , Nikolaj Coster-Waldau, , Lena Headey, , Emilia Clarke, , Kit Harington, , Sophie Turner, , Maisie Williams, , Liam Cunningham, , Nathalie Emmanuel, , Alfie Allen, , Isaac Hempstead Wright, , Gwendoline Christie, , Conleth Hill, , John Bradley, , Hannah Murray, , Rory McCann, , Jerome Flynn, , Kristofer Hivju","Tyrion Lannister (), Jaime Lannister (Peter Dinklage), Cersei Lannister (), Daenerys Targaryen (Nikolaj Coster-Waldau), Jon Snow (), Sansa Stark (Lena Headey), Arya Stark (), Davos Seaworth (Emilia Clarke), Missandei (), Theon Greyjoy (Kit Harington), Bran Stark (), Brienne of Tarth (Sophie Turner), Lord Varys (), Samwell Tarly (Maisie Williams), Gilly (), Sandor 'The Hound' Clegane (Liam Cunningham), Bronn (), Tormund Giantsbane (Nathalie Emmanuel)"
8,5,tt6027916,https://www.imdb.com/title/tt6027916/?ref_=ttep_ep_5,,", Peter Dinklage, , Nikolaj Coster-Waldau, , Lena Headey, , Emilia Clarke, , Kit Harington, , Maisie Williams, , Liam Cunningham, , Conleth Hill, , Rory McCann, , Jacob Anderson, , Pilou Asbæk, , Anton Lesser, , Hafþór Júlíus Björnsson, , Laura Elphinstone, , Marc Rissmann, , Alexis Raben, , Matthew Wolf, , Bronte Carmichael","Tyrion Lannister (), Jaime Lannister (Peter Dinklage), Cersei Lannister (), Daenerys Targaryen (Nikolaj Coster-Waldau), Jon Snow (), Arya Stark (Lena Headey), Davos Seaworth (), Lord Varys (Emilia Clarke), Sandor 'The Hound' Clegane (), Grey Worm (Kit Harington), Euron Greyjoy (), Qyburn (Maisie Williams), Gregor 'The Mountain' Clegane (), Nora (Liam Cunningham), Harry Strickland (), Xela (Conleth Hill), Lannister Soldier (), Martha (Rory McCann)"
8,6,tt6027920,https://www.imdb.com/title/tt6027920/?ref_=ttep_ep_6,,", Peter Dinklage, , Nikolaj Coster-Waldau, , Lena Headey, , Emilia Clarke, , Kit Harington, , Sophie Turner, , Maisie Williams, , Liam Cunningham, , John Bradley, , Isaac Hempstead Wright, , Gwendoline Christie, , Jerome Flynn, , Kristofer Hivju, , Joe Dempsie, , Jacob Anderson, , Gemma Whelan, , Tobias Menzies, , Daniel Portman","Tyrion Lannister (), Jaime Lannister (Peter Dinklage), Cersei Lannister (), Daenerys Targaryen (Nikolaj Coster-Waldau), Jon Snow (), Sansa Stark (Lena Headey), Arya Stark (), Davos Seaworth (Emilia Clarke), Samwell Tarly (), Bran Stark (Kit Harington), Brienne of Tarth (), Bronn (Sophie Turner), Tormund Giantsbane (), Gendry (Maisie Williams), Grey Worm (), Yara Greyjoy (Liam Cunningham), Edmure Tully (), Podrick Payne (John Bradley)"
